<?xml version="1.0" ?>
<style-scheme id="warm_grey2" name="Warm Grey 2" version="1.0">
	<author/>
	<_description>Warm Grey</_description>
	<style background="#e4e2e0" name="current-line"/>
	<style background="#747270" bold="true" foreground="#white" name="bracket-match"/>
	<!-- style background="#b8b4b0" foreground="#black" name="cursor"/ -->
	<style background="#d8d4d0" foreground="#646260" italic="false" name="line-numbers"/>
	<style background="#f0f0f0" foreground="#444240" name="text"/>
	<style foreground="#848280" italic="false" name="def:comment"/>
	<style foreground="#000000" name="def:constant"/>
	<style foreground="#804020" name="def:string"/>
	<style foreground="#406020" name="def:number"/>
	<style bold="true" foreground="#607080" name="def:statement"/>
	<style bold="true" foreground="#606060" name="def:type"/>
	<style bold="true" foreground="#103040" name="def:function"/>
	<style foreground="#545250" name="def:identifier"/>
	<style bold="true" foreground="#705060" name="def:preprocessor"/>
	<style background="#white" foreground="#a02000" name="def:error"/>
	<style foreground="#602000" name="def:specials"/>
	<style background="#e4e2e0" italic="false" name="diff:changed-line"/>
	<style background="#c0e0d0" bold="true" name="diff:added-line"/>
	<style background="#f0a0a0" name="diff:removed-line"/>
  <style name="def:note" foreground="#fff" background="#c30"  bold="true"/>
  <style name="selection" background="#gray" foreground="#black"/>
</style-scheme>

