<?xml version="1.0" encoding="UTF-8"?>
<!--
 Copyright (C) 2009 tm2gtksw2(Alexandre da Silva)

 This file was generated from a textmate theme named BBEdit
 with tm2gtksw2 tool. (Alexandre da Silva)

 This library is free software; you can redistribute it and/or
 modify it under the terms of the GNU Library General Public
 License as published by the Free Software Foundation; either
 version 2 of the License, or (at your option) any later version.

 This library is distributed in the hope that it will be useful,
 but WITHOUT ANY WARRANTY; without even the implied warranty of
 MERCHANTABILITY or FITNESS FOR A PARTICULAR PURPOSE.  See the GNU
 Library General Public License for more details.

 You should have received a copy of the GNU Library General Public
 License along with this library; if not, write to the
 Free Software Foundation, Inc., 59 Temple Place - Suite 330,
 Boston, MA 02111-1307, USA.
-->

<style-scheme id="bbedit" _name="BBEdit" version="1.0">
  <author>tm2gtksw2(Alexandre da Silva)</author>
  <_description>GMate Theme - Generated from textmate theme with tm2gtksw2</_description>

  <style name="bracket-match"  background="#ededed" bold="true"/>
  <style name="bracket-mismatch"  background="#ededed" underline="true"/>
  <style name="css:at-rules" foreground="#0000ff"/>
  <style name="css:color" foreground="#c5060b"/>
  <style name="css:keyword" foreground="#6d79de"/>
  <style name="current-line"  background="#ededed"/>
  <style name="cursor" foreground="#000000"/>
  <style name="def:base-n-integer" foreground="#ff0080"/>
  <style name="def:boolean" foreground="#004080"/>
  <style name="def:builtin" foreground="#004080"/>
  <style name="def:character" foreground="#ff0080"/>
  <style name="def:comment" foreground="#804000"/>
  <style name="def:complex" foreground="#ff0080"/>
  <style name="def:constant" foreground="#c5060b"/>
  <style name="def:decimal" foreground="#ff0080"/>
  <style name="def:doc-comment" foreground="#804000"/>
  <style name="def:doc-comment-element" foreground="#804000"/>
  <style name="def:error" foreground="#ffffff" background="#990000"/>
  <style name="def:floating-point" foreground="#ff0080"/>
  <style name="def:function" foreground="#0000a2"/>
  <style name="def:identifier" foreground="#006600"/>
  <style name="def:keyword" foreground="#0000ff"/>
  <style name="def:note" foreground="#804000"/>
  <style name="def:number" foreground="#ff0080"/>
  <style name="def:operator" foreground="#0000ff"/>
  <style name="def:preprocessor" foreground="#06960e"/>
  <style name="def:reserved" foreground="#0000ff"/>
  <style name="def:shebang" foreground="#804000"/>
  <style name="def:special-char" foreground="#33cc33"/>
  <style name="def:special-constant" foreground="#004080"/>
  <style name="def:statement" foreground="#0000ff"/>
  <style name="def:string" foreground="#ff0080"/>
  <style name="def:type" foreground="#6d79de"/>
  <style name="draw-spaces" foreground="#bfbfbf"/>
  <style name="html:dtd" foreground="#888888"/>
  <style name="html:tag" foreground="#1c02ff"/>
  <style name="js:function" foreground="#0000ff"/>
  <style name="line-numbers" foreground="#000000" background="#ededed"/>
  <style name="perl:builtin" foreground="#0000a2"/>
  <style name="perl:include-statement" foreground="#0000ff"/>
  <style name="perl:line-directive" foreground="#c5060b"/>
  <style name="perl:special-variable" foreground="#004080"/>
  <style name="perl:type" foreground="#c5060b"/>
  <style name="perl:variable" foreground="#006600"/>
  <style name="php:string" foreground="#ff0080"/>
  <style name="python:builtin-constant" foreground="#0000ff"/>
  <style name="python:builtin-function" foreground="#0000a2"/>
  <style name="python:builtin-object" foreground="#c5060b"/>
  <style name="python:module-handler" foreground="#0000ff"/>
  <style name="python:special-variable" foreground="#0000ff"/>
  <style name="ruby:attribute-definition" foreground="#0000ff"/>
  <style name="ruby:builtin" foreground="#006600"/>
  <style name="ruby:class-variable" foreground="#006600"/>
  <style name="ruby:constant" foreground="#006600"/>
  <style name="ruby:global-variable" foreground="#0000a2"/>
  <style name="ruby:instance-variable" foreground="#006600"/>
  <style name="ruby:module-handler" foreground="#0000ff"/>
  <style name="ruby:predefined-variable" foreground="#004080"/>
  <style name="ruby:regex" foreground="#ff0080"/>
  <style name="ruby:special-variable" foreground="#0000ff"/>
  <style name="ruby:symbol" foreground="#c5060b"/>
  <style name="rubyonrails:attribute-definition" foreground="#0000ff"/>
  <style name="rubyonrails:builtin" foreground="#006600"/>
  <style name="rubyonrails:class-inherit" foreground="#6d79de"/>
  <style name="rubyonrails:class-name" foreground="#6d79de"/>
  <style name="rubyonrails:class-variable" foreground="#006600"/>
  <style name="rubyonrails:complex-interpolation" foreground="#33cc33"/>
  <style name="rubyonrails:constant" foreground="#006600"/>
  <style name="rubyonrails:global-variable" foreground="#0000a2"/>
  <style name="rubyonrails:instance-variable" foreground="#006600"/>
  <style name="rubyonrails:module-handler" foreground="#0000ff"/>
  <style name="rubyonrails:module-name" foreground="#6d79de"/>
  <style name="rubyonrails:predefined-variable" foreground="#004080"/>
  <style name="rubyonrails:rails" foreground="#006600"/>
  <style name="rubyonrails:regex" foreground="#ff0080"/>
  <style name="rubyonrails:simple-interpolation" foreground="#33cc33"/>
  <style name="rubyonrails:special-variable" foreground="#0000ff"/>
  <style name="rubyonrails:symbol" foreground="#c5060b"/>
  <style name="search-match"  background="#ededed" bold="true" underline="true"/>
  <style name="selection" foreground="#000000" background="#c3dcff"/>
  <style name="text" foreground="#000000" background="#ffffff"/>
  <style name="xml:doctype" foreground="#888888"/>
  <style name="xml:entity" foreground="#68685b"/>
  <style name="xml:tag" foreground="#1c02ff"/>
  

</style-scheme>

