<?xml version="1.0" encoding="UTF-8"?>
<!--
 Copyright (C) 2009 tm2gtksw2(Alexandre da Silva)

 This file was generated from a textmate theme named Black Pearl II
 with tm2gtksw2 tool. (Alexandre da Silva)

 This library is free software; you can redistribute it and/or
 modify it under the terms of the GNU Library General Public
 License as published by the Free Software Foundation; either
 version 2 of the License, or (at your option) any later version.

 This library is distributed in the hope that it will be useful,
 but WITHOUT ANY WARRANTY; without even the implied warranty of
 MERCHANTABILITY or FITNESS FOR A PARTICULAR PURPOSE.  See the GNU
 Library General Public License for more details.

 You should have received a copy of the GNU Library General Public
 License along with this library; if not, write to the
 Free Software Foundation, Inc., 59 Temple Place - Suite 330,
 Boston, MA 02111-1307, USA.
-->

<style-scheme id="blackpearlii" _name="Black Pearl II" version="1.0">
  <author>tm2gtksw2(Alexandre da Silva)</author>
  <_description>GMate Theme - Generated from textmate theme with tm2gtksw2</_description>

  <style name="bracket-match"  background="#0d0d0d" bold="true"/>
  <style name="bracket-mismatch"  background="#0d0d0d" underline="true"/>
  <style name="css:at-rules" foreground="#ff9d00"/>
  <style name="css:color" foreground="#66ccff"/>
  <style name="css:keyword" foreground="#8aa6c1"/>
  <style name="current-line"  background="#0d0d0d"/>
  <style name="cursor" foreground="#ffffff"/>
  <style name="def:base-n-integer" foreground="#eddd5a"/>
  <style name="def:boolean" foreground="#80d500" bold="true"/>
  <style name="def:builtin" foreground="#80d500" bold="true"/>
  <style name="def:character" foreground="#cc66ff"/>
  <style name="def:comment" foreground="#428bdd" italic="true"/>
  <style name="def:complex" foreground="#eddd5a"/>
  <style name="def:constant" foreground="#d0ff7e"/>
  <style name="def:decimal" foreground="#eddd5a"/>
  <style name="def:doc-comment" foreground="#428bdd" italic="true"/>
  <style name="def:doc-comment-element" foreground="#428bdd" italic="true"/>
  <style name="def:error"  background="#670000" bold="true"/>
  <style name="def:floating-point" foreground="#eddd5a"/>
  <style name="def:function" foreground="#ffffff" bold="true"/>
  <style name="def:identifier" foreground="#d0ff7e"/>
  <style name="def:keyword" foreground="#ff9d00"/>
  <style name="def:note" foreground="#428bdd" italic="true"/>
  <style name="def:number" foreground="#eddd5a"/>
  <style name="def:operator" foreground="#ffffff" bold="true"/>
  <style name="def:preprocessor" foreground="#8aa6c1"/>
  <style name="def:reserved" foreground="#f8bb00" bold="true"/>
  <style name="def:shebang" foreground="#428bdd" italic="true"/>
  <style name="def:special-char" foreground="#ff2837" bold="true"/>
  <style name="def:special-constant" foreground="#80d500" bold="true"/>
  <style name="def:statement" foreground="#f8bb00" bold="true"/>
  <style name="def:string" foreground="#cc66ff"/>
  <style name="def:type" foreground="#8aa6c1" bold="true"/>
  <style name="diff:added-line"  background="#253b22"/>
  <style name="diff:changed-line"  background="#4a410d"/>
  <style name="diff:location"  background="#0e2231" italic="true"/>
  <style name="diff:removed-line"  background="#420e09"/>
  <style name="draw-spaces" foreground="#404040"/>
  <style name="html:dtd" foreground="#cc66ff"/>
  <style name="html:tag" foreground="#ffffff" bold="true"/>
  <style name="js:function" foreground="#8aa6c1"/>
  <style name="line-numbers" foreground="#ffffff" background="#0d0d0d"/>
  <style name="perl:builtin" foreground="#ffffff" bold="true"/>
  <style name="perl:include-statement" foreground="#f8bb00" bold="true"/>
  <style name="perl:line-directive" foreground="#d0ff7e"/>
  <style name="perl:special-variable" foreground="#80d500" bold="true"/>
  <style name="perl:type" foreground="#d0ff7e"/>
  <style name="perl:variable" foreground="#d0ff7e"/>
  <style name="php:string" foreground="#cc66ff"/>
  <style name="python:builtin-constant" foreground="#f8bb00" bold="true"/>
  <style name="python:builtin-function" foreground="#ffffff" bold="true"/>
  <style name="python:builtin-object" foreground="#d0ff7e"/>
  <style name="python:module-handler" foreground="#f8bb00" bold="true"/>
  <style name="python:special-variable" foreground="#f8bb00" bold="true"/>
  <style name="ruby:attribute-definition" foreground="#f8bb00" bold="true"/>
  <style name="ruby:builtin" foreground="#d0ff7e"/>
  <style name="ruby:class-variable" foreground="#d0ff7e"/>
  <style name="ruby:constant" foreground="#d0ff7e"/>
  <style name="ruby:global-variable" foreground="#ffffff" bold="true"/>
  <style name="ruby:instance-variable" foreground="#d0ff7e"/>
  <style name="ruby:module-handler" foreground="#f8bb00" bold="true"/>
  <style name="ruby:predefined-variable" foreground="#80d500" bold="true"/>
  <style name="ruby:regex" foreground="#ca4344"/>
  <style name="ruby:special-variable" foreground="#f8bb00" bold="true"/>
  <style name="ruby:symbol" foreground="#66ccff"/>
  <style name="rubyonrails:attribute-definition" foreground="#f8bb00" bold="true"/>
  <style name="rubyonrails:block-parameter" foreground="#8aa6c1" italic="true"/>
  <style name="rubyonrails:builtin" foreground="#d0ff7e"/>
  <style name="rubyonrails:class-inherit" foreground="#ffffff" bold="true" italic="true"/>
  <style name="rubyonrails:class-name" foreground="#8aa6c1" bold="true"/>
  <style name="rubyonrails:class-variable" foreground="#d0ff7e"/>
  <style name="rubyonrails:complex-interpolation" foreground="#ff7819"/>
  <style name="rubyonrails:constant" foreground="#d0ff7e"/>
  <style name="rubyonrails:global-variable" foreground="#ffffff" bold="true"/>
  <style name="rubyonrails:instance-variable" foreground="#d0ff7e"/>
  <style name="rubyonrails:module-handler" foreground="#f8bb00" bold="true"/>
  <style name="rubyonrails:module-name" foreground="#8aa6c1" bold="true"/>
  <style name="rubyonrails:predefined-variable" foreground="#80d500" bold="true"/>
  <style name="rubyonrails:rails" foreground="#d0ff7e"/>
  <style name="rubyonrails:regex" foreground="#ca4344"/>
  <style name="rubyonrails:simple-interpolation" foreground="#ff7819"/>
  <style name="rubyonrails:special-variable" foreground="#f8bb00" bold="true"/>
  <style name="rubyonrails:symbol" foreground="#66ccff"/>
  <style name="search-match"  background="#0d0d0d" bold="true" underline="true"/>
  <style name="selection" foreground="#ffffff" background="#262626"/>
  <style name="text" foreground="#ffffff" background="#000000"/>
  <style name="xml:attribute-name" foreground="#ffffff"/>
  <style name="xml:element-name" foreground="#ffffff" bold="true"/>
  <style name="xml:namespace" foreground="#ffffff" bold="true"/>
  <style name="xml:tag" foreground="#ffffff" bold="true"/>
  

</style-scheme>

