<?xml version="1.0" encoding="UTF-8"?>
<!--
 Copyright (C) 2009 tm2gtksw2(Alexandre da Silva)

 This file was generated from a textmate theme named Dawn
 with tm2gtksw2 tool. (Alexandre da Silva)

 This library is free software; you can redistribute it and/or
 modify it under the terms of the GNU Library General Public
 License as published by the Free Software Foundation; either
 version 2 of the License, or (at your option) any later version.

 This library is distributed in the hope that it will be useful,
 but WITHOUT ANY WARRANTY; without even the implied warranty of
 MERCHANTABILITY or FITNESS FOR A PARTICULAR PURPOSE.  See the GNU
 Library General Public License for more details.

 You should have received a copy of the GNU Library General Public
 License along with this library; if not, write to the
 Free Software Foundation, Inc., 59 Temple Place - Suite 330,
 Boston, MA 02111-1307, USA.
-->

<style-scheme id="dawn" _name="Dawn" version="1.0">
  <author>tm2gtksw2(Alexandre da Silva)</author>
  <_description>GMate Theme - Generated from textmate theme with tm2gtksw2</_description>

  <style name="bracket-match"  background="#dfe6f0" bold="true"/>
  <style name="bracket-mismatch"  background="#dfe6f0" underline="true"/>
  <style name="css:at-rules" foreground="#794938"/>
  <style name="css:color" foreground="#811f24" bold="true"/>
  <style name="css:keyword" foreground="#691c97"/>
  <style name="current-line"  background="#dfe6f0"/>
  <style name="cursor" foreground="#000000"/>
  <style name="def:base-n-integer" foreground="#811f24" bold="true"/>
  <style name="def:boolean" foreground="#811f24" bold="true"/>
  <style name="def:builtin" foreground="#691c97"/>
  <style name="def:character" foreground="#811f24" bold="true"/>
  <style name="def:comment" foreground="#5a525f" italic="true"/>
  <style name="def:complex" foreground="#811f24" bold="true"/>
  <style name="def:constant" foreground="#811f24" bold="true"/>
  <style name="def:decimal" foreground="#811f24" bold="true"/>
  <style name="def:doc-comment" foreground="#5a525f" italic="true"/>
  <style name="def:doc-comment-element" foreground="#5a525f" italic="true"/>
  <style name="def:error" foreground="#f8f8f8" background="#b52a1d" underline="true" italic="true"/>
  <style name="def:floating-point" foreground="#811f24" bold="true"/>
  <style name="def:function" foreground="#bf4f24"/>
  <style name="def:identifier" foreground="#234a97"/>
  <style name="def:keyword" foreground="#794938"/>
  <style name="def:note" foreground="#5a525f" italic="true"/>
  <style name="def:number" foreground="#811f24" bold="true"/>
  <style name="def:operator" foreground="#794938"/>
  <style name="def:preprocessor" foreground="#b4371f"/>
  <style name="def:reserved" foreground="#794938"/>
  <style name="def:shebang" foreground="#5a525f" italic="true"/>
  <style name="def:special-char" foreground="#696969" bold="true"/>
  <style name="def:special-constant" foreground="#811f24" bold="true"/>
  <style name="def:statement" foreground="#794938"/>
  <style name="def:type" foreground="#691c97"/>
  <style name="diff:removed-line" foreground="#59140e"/>
  <style name="draw-spaces" foreground="#a1a1bb"/>
  <style name="html:tag" foreground="#bf4f24"/>
  <style name="js:function" foreground="#693a17"/>
  <style name="line-numbers" foreground="#080808" background="#dfe6f0"/>
  <style name="perl:builtin" foreground="#bf4f24"/>
  <style name="perl:include-statement" foreground="#794938"/>
  <style name="perl:line-directive" foreground="#811f24" bold="true"/>
  <style name="perl:special-variable" foreground="#794938"/>
  <style name="perl:type" foreground="#811f24" bold="true"/>
  <style name="perl:variable" foreground="#234a97"/>
  <style name="python:builtin-constant" foreground="#794938"/>
  <style name="python:builtin-function" foreground="#811f24" bold="true"/>
  <style name="python:builtin-object" foreground="#811f24" bold="true"/>
  <style name="python:module-handler" foreground="#794938"/>
  <style name="python:special-variable" foreground="#794938"/>
  <style name="ruby:attribute-definition" foreground="#794938"/>
  <style name="ruby:builtin" foreground="#234a97"/>
  <style name="ruby:class-variable" foreground="#234a97"/>
  <style name="ruby:constant" foreground="#811f24" bold="true"/>
  <style name="ruby:global-variable" foreground="#bf4f24"/>
  <style name="ruby:instance-variable" foreground="#234a97"/>
  <style name="ruby:module-handler" foreground="#794938"/>
  <style name="ruby:predefined-variable" foreground="#811f24" bold="true"/>
  <style name="ruby:regex" foreground="#cf5628"/>
  <style name="ruby:special-variable" foreground="#794938"/>
  <style name="ruby:symbol" foreground="#811f24" bold="true"/>
  <style name="rubyonrails:attribute-definition" foreground="#794938"/>
  <style name="rubyonrails:block-parameter" foreground="#234a97"/>
  <style name="rubyonrails:builtin" foreground="#691c97"/>
  <style name="rubyonrails:class-inherit" foreground="#bf4f24"/>
  <style name="rubyonrails:class-name" foreground="#bf4f24"/>
  <style name="rubyonrails:class-variable" foreground="#234a97"/>
  <style name="rubyonrails:complex-interpolation" foreground="#080808" background="#e4e8ef"/>
  <style name="rubyonrails:constant" foreground="#811f24" bold="true"/>
  <style name="rubyonrails:global-variable" foreground="#bf4f24"/>
  <style name="rubyonrails:instance-variable" foreground="#234a97"/>
  <style name="rubyonrails:module-handler" foreground="#794938"/>
  <style name="rubyonrails:module-name" foreground="#bf4f24"/>
  <style name="rubyonrails:predefined-variable" foreground="#811f24" bold="true"/>
  <style name="rubyonrails:rails" foreground="#234a97"/>
  <style name="rubyonrails:regex" foreground="#cf5628"/>
  <style name="rubyonrails:simple-interpolation" foreground="#080808" background="#e4e8ef"/>
  <style name="rubyonrails:special-variable" foreground="#794938"/>
  <style name="rubyonrails:symbol" foreground="#811f24" bold="true"/>
  <style name="search-match"  background="#dfe6f0" bold="true" underline="true"/>
  <style name="selection" foreground="#080808" background="#b9cafa"/>
  <style name="text" foreground="#080808" background="#f9f9f9"/>
  <style name="xml:attribute-name" foreground="#bf4f24"/>
  <style name="xml:element-name" foreground="#bf4f24"/>
  <style name="xml:namespace" foreground="#bf4f24"/>
  <style name="xml:tag" foreground="#bf4f24"/>
  

</style-scheme>

