<?xml version="1.0" encoding="UTF-8"?>
<!--
 Copyright (C) 2009 tm2gtksw2(Alexandre da Silva)

 This file was generated from a textmate theme named GitHub
 with tm2gtksw2 tool. (Alexandre da Silva)

 This library is free software; you can redistribute it and/or
 modify it under the terms of the GNU Library General Public
 License as published by the Free Software Foundation; either
 version 2 of the License, or (at your option) any later version.

 This library is distributed in the hope that it will be useful,
 but WITHOUT ANY WARRANTY; without even the implied warranty of
 MERCHANTABILITY or FITNESS FOR A PARTICULAR PURPOSE.  See the GNU
 Library General Public License for more details.

 You should have received a copy of the GNU Library General Public
 License along with this library; if not, write to the
 Free Software Foundation, Inc., 59 Temple Place - Suite 330,
 Boston, MA 02111-1307, USA.
-->

<style-scheme id="github" _name="GitHub" version="1.0">
  <author>tm2gtksw2(Alexandre da Silva)</author>
  <_description>GMate Theme - Generated from textmate theme with tm2gtksw2</_description>

  <style name="bracket-match"  background="#e6e6ed" bold="true"/>
  <style name="bracket-mismatch"  background="#e6e6ed" underline="true"/>
  <style name="css:at-rules" foreground="#000000" bold="true"/>
  <style name="css:keyword"  bold="true"/>
  <style name="current-line"  background="#e6e6ed"/>
  <style name="cursor" foreground="#000000"/>
  <style name="def:base-n-integer" foreground="#009999"/>
  <style name="def:boolean" foreground="#000000" bold="true"/>
  <style name="def:builtin" foreground="#000000" bold="true"/>
  <style name="def:character" foreground="#dd1144"/>
  <style name="def:comment" foreground="#999988" italic="true"/>
  <style name="def:complex" foreground="#009999"/>
  <style name="def:decimal" foreground="#009999"/>
  <style name="def:doc-comment" foreground="#999988" italic="true"/>
  <style name="def:doc-comment-element" foreground="#999988" italic="true"/>
  <style name="def:floating-point" foreground="#009999"/>
  <style name="def:function" foreground="#990000" bold="true"/>
  <style name="def:identifier" foreground="#108888"/>
  <style name="def:keyword" foreground="#000000" bold="true"/>
  <style name="def:note" foreground="#999988" italic="true"/>
  <style name="def:number" foreground="#009999"/>
  <style name="def:operator" foreground="#000000" bold="true"/>
  <style name="def:preprocessor" foreground="#000000" bold="true"/>
  <style name="def:reserved" foreground="#000000" bold="true"/>
  <style name="def:shebang" foreground="#999988" italic="true"/>
  <style name="def:special-constant" foreground="#000000" bold="true"/>
  <style name="def:statement" foreground="#000000" bold="true"/>
  <style name="def:string" foreground="#dd1144"/>
  <style name="draw-spaces" foreground="#bfbfbf"/>
  <style name="html:dtd" foreground="#dd1144"/>
  <style name="html:tag" foreground="#121289"/>
  <style name="line-numbers" foreground="#000000" background="#e6e6ed"/>
  <style name="perl:builtin" foreground="#990000" bold="true"/>
  <style name="perl:include-statement" foreground="#000000" bold="true"/>
  <style name="perl:special-variable" foreground="#000000" bold="true"/>
  <style name="perl:variable" foreground="#108888"/>
  <style name="php:string" foreground="#dd1144"/>
  <style name="python:builtin-constant" foreground="#000000" bold="true"/>
  <style name="python:builtin-function" foreground="#990000" bold="true"/>
  <style name="python:module-handler" foreground="#000000" bold="true"/>
  <style name="python:special-variable" foreground="#000000" bold="true"/>
  <style name="ruby:attribute-definition" foreground="#000000" bold="true"/>
  <style name="ruby:builtin" foreground="#108888"/>
  <style name="ruby:class-variable" foreground="#108888"/>
  <style name="ruby:constant" foreground="#108888"/>
  <style name="ruby:global-variable" foreground="#990000" bold="true"/>
  <style name="ruby:instance-variable" foreground="#108888"/>
  <style name="ruby:module-handler" foreground="#000000" bold="true"/>
  <style name="ruby:predefined-variable" foreground="#000000" bold="true"/>
  <style name="ruby:regex" foreground="#009926"/>
  <style name="ruby:special-variable" foreground="#000000" bold="true"/>
  <style name="ruby:symbol" foreground="#aa2c8c"/>
  <style name="rubyonrails:attribute-definition" foreground="#000000" bold="true"/>
  <style name="rubyonrails:builtin" foreground="#108888"/>
  <style name="rubyonrails:class-inherit" foreground="#0f8787"/>
  <style name="rubyonrails:class-name" foreground="#008080"/>
  <style name="rubyonrails:class-variable" foreground="#108888"/>
  <style name="rubyonrails:complex-interpolation" foreground="#dd1144"/>
  <style name="rubyonrails:constant" foreground="#108888"/>
  <style name="rubyonrails:global-variable" foreground="#990000" bold="true"/>
  <style name="rubyonrails:instance-variable" foreground="#108888"/>
  <style name="rubyonrails:module-handler" foreground="#000000" bold="true"/>
  <style name="rubyonrails:module-name" foreground="#008080"/>
  <style name="rubyonrails:predefined-variable" foreground="#000000" bold="true"/>
  <style name="rubyonrails:rails" foreground="#108888"/>
  <style name="rubyonrails:regex" foreground="#009926"/>
  <style name="rubyonrails:simple-interpolation" foreground="#dd1144"/>
  <style name="rubyonrails:special-variable" foreground="#000000" bold="true"/>
  <style name="rubyonrails:symbol" foreground="#aa2c8c"/>
  <style name="search-match"  background="#e6e6ed" bold="true" underline="true"/>
  <style name="selection" foreground="#000000" background="#bcd5fa"/>
  <style name="text" foreground="#000000" background="#f8f8ff"/>
  <style name="xml:attribute-name" foreground="#0a8585"/>
  <style name="xml:element-name" foreground="#121289"/>
  <style name="xml:namespace" foreground="#121289"/>
  <style name="xml:tag" foreground="#121289"/>
  

</style-scheme>

