<?xml version="1.0" encoding="UTF-8"?>
<!--
 Copyright (C) 2009 tm2gtksw2(Alexandre da Silva)

 This file was generated from a textmate theme named IDLE
 with tm2gtksw2 tool. (Alexandre da Silva)

 This library is free software; you can redistribute it and/or
 modify it under the terms of the GNU Library General Public
 License as published by the Free Software Foundation; either
 version 2 of the License, or (at your option) any later version.

 This library is distributed in the hope that it will be useful,
 but WITHOUT ANY WARRANTY; without even the implied warranty of
 MERCHANTABILITY or FITNESS FOR A PARTICULAR PURPOSE.  See the GNU
 Library General Public License for more details.

 You should have received a copy of the GNU Library General Public
 License along with this library; if not, write to the
 Free Software Foundation, Inc., 59 Temple Place - Suite 330,
 Boston, MA 02111-1307, USA.
-->

<style-scheme id="idle" _name="IDLE" version="1.0">
  <author>tm2gtksw2(Alexandre da Silva)</author>
  <_description>GMate Theme - Generated from textmate theme with tm2gtksw2</_description>

  <style name="bracket-match"  background="#ededed" bold="true"/>
  <style name="bracket-mismatch"  background="#ededed" underline="true"/>
  <style name="css:at-rules" foreground="#ff5600"/>
  <style name="css:keyword" foreground="#a535ae"/>
  <style name="current-line"  background="#ededed"/>
  <style name="cursor" foreground="#000000"/>
  <style name="def:boolean" foreground="#a535ae"/>
  <style name="def:builtin" foreground="#a535ae"/>
  <style name="def:character" foreground="#00a33f"/>
  <style name="def:comment" foreground="#919191"/>
  <style name="def:doc-comment" foreground="#919191"/>
  <style name="def:doc-comment-element" foreground="#919191"/>
  <style name="def:error" foreground="#ffffff" background="#990000"/>
  <style name="def:function" foreground="#21439c"/>
  <style name="def:keyword" foreground="#ff5600"/>
  <style name="def:note" foreground="#919191"/>
  <style name="def:operator" foreground="#ff5600"/>
  <style name="def:preprocessor" foreground="#a535ae"/>
  <style name="def:reserved" foreground="#ff5600"/>
  <style name="def:shebang" foreground="#919191"/>
  <style name="def:special-char" foreground="#a535ae"/>
  <style name="def:special-constant" foreground="#a535ae"/>
  <style name="def:statement" foreground="#ff5600"/>
  <style name="def:string" foreground="#00a33f"/>
  <style name="def:type" foreground="#a535ae"/>
  <style name="draw-spaces" foreground="#bfbfbf"/>
  <style name="html:dtd" foreground="#00a33f"/>
  <style name="html:tag" foreground="#21439c"/>
  <style name="js:function" foreground="#a535ae"/>
  <style name="line-numbers" foreground="#000000" background="#ededed"/>
  <style name="perl:builtin" foreground="#21439c"/>
  <style name="perl:include-statement" foreground="#ff5600"/>
  <style name="perl:special-variable" foreground="#a535ae"/>
  <style name="php:string" foreground="#00a33f"/>
  <style name="python:builtin-constant" foreground="#ff5600"/>
  <style name="python:builtin-function" foreground="#21439c"/>
  <style name="python:module-handler" foreground="#ff5600"/>
  <style name="python:special-variable" foreground="#ff5600"/>
  <style name="ruby:attribute-definition" foreground="#ff5600"/>
  <style name="ruby:global-variable" foreground="#21439c"/>
  <style name="ruby:module-handler" foreground="#ff5600"/>
  <style name="ruby:predefined-variable" foreground="#a535ae"/>
  <style name="ruby:regex" foreground="#00a33f"/>
  <style name="ruby:special-variable" foreground="#ff5600"/>
  <style name="rubyonrails:attribute-definition" foreground="#ff5600"/>
  <style name="rubyonrails:class-inherit" foreground="#21439c"/>
  <style name="rubyonrails:class-name" foreground="#21439c"/>
  <style name="rubyonrails:complex-interpolation" foreground="#00a33f"/>
  <style name="rubyonrails:global-variable" foreground="#21439c"/>
  <style name="rubyonrails:module-handler" foreground="#ff5600"/>
  <style name="rubyonrails:module-name" foreground="#21439c"/>
  <style name="rubyonrails:predefined-variable" foreground="#a535ae"/>
  <style name="rubyonrails:regex" foreground="#00a33f"/>
  <style name="rubyonrails:simple-interpolation" foreground="#00a33f"/>
  <style name="rubyonrails:special-variable" foreground="#ff5600"/>
  <style name="search-match"  background="#ededed" bold="true" underline="true"/>
  <style name="selection" foreground="#000000" background="#bad6fd"/>
  <style name="text" foreground="#000000" background="#ffffff"/>
  <style name="xml:tag" foreground="#21439c"/>
  

</style-scheme>

