<?xml version="1.0" encoding="UTF-8"?>
<!--
 Copyright (C) 2009 tm2gtksw2(Alexandre da Silva)

 This file was generated from a textmate theme named idleFingers
 with tm2gtksw2 tool. (Alexandre da Silva)

 This library is free software; you can redistribute it and/or
 modify it under the terms of the GNU Library General Public
 License as published by the Free Software Foundation; either
 version 2 of the License, or (at your option) any later version.

 This library is distributed in the hope that it will be useful,
 but WITHOUT ANY WARRANTY; without even the implied warranty of
 MERCHANTABILITY or FITNESS FOR A PARTICULAR PURPOSE.  See the GNU
 Library General Public License for more details.

 You should have received a copy of the GNU Library General Public
 License along with this library; if not, write to the
 Free Software Foundation, Inc., 59 Temple Place - Suite 330,
 Boston, MA 02111-1307, USA.
-->

<style-scheme id="idlefingers" _name="idleFingers" version="1.0">
  <author>tm2gtksw2(Alexandre da Silva)</author>
  <_description>GMate Theme - Generated from textmate theme with tm2gtksw2</_description>

  <style name="bracket-match"  background="#353637" bold="true"/>
  <style name="bracket-mismatch"  background="#353637" underline="true"/>
  <style name="css:at-rules" foreground="#cc7833"/>
  <style name="css:color" foreground="#6c99bb"/>
  <style name="current-line"  background="#353637"/>
  <style name="cursor" foreground="#91ff00"/>
  <style name="def:base-n-integer" foreground="#6c99bb"/>
  <style name="def:boolean" foreground="#6c99bb"/>
  <style name="def:builtin" foreground="#6c99bb"/>
  <style name="def:character" foreground="#a5c261"/>
  <style name="def:comment" foreground="#bc9458" italic="true"/>
  <style name="def:complex" foreground="#6c99bb"/>
  <style name="def:constant" foreground="#6c99bb"/>
  <style name="def:decimal" foreground="#6c99bb"/>
  <style name="def:doc-comment" foreground="#bc9458" italic="true"/>
  <style name="def:doc-comment-element" foreground="#bc9458" italic="true"/>
  <style name="def:error" foreground="#ffffff" background="#ff0000"/>
  <style name="def:floating-point" foreground="#6c99bb"/>
  <style name="def:function" foreground="#ffc66d"/>
  <style name="def:identifier" foreground="#b7dff8"/>
  <style name="def:keyword" foreground="#cc7833"/>
  <style name="def:note" foreground="#bc9458" italic="true"/>
  <style name="def:number" foreground="#6c99bb"/>
  <style name="def:operator" foreground="#cc7833"/>
  <style name="def:preprocessor" foreground="#6c99bb"/>
  <style name="def:reserved" foreground="#cc7833"/>
  <style name="def:shebang" foreground="#bc9458" italic="true"/>
  <style name="def:special-char" foreground="#6c99bb"/>
  <style name="def:special-constant" foreground="#6c99bb"/>
  <style name="def:statement" foreground="#cc7833"/>
  <style name="def:string" foreground="#a5c261"/>
  <style name="draw-spaces" foreground="#404040"/>
  <style name="html:dtd" foreground="#a5c261"/>
  <style name="html:tag" foreground="#ffe5bb"/>
  <style name="js:function" foreground="#b83426"/>
  <style name="line-numbers" foreground="#ffffff" background="#353637"/>
  <style name="perl:builtin" foreground="#ffc66d"/>
  <style name="perl:include-statement" foreground="#cc7833"/>
  <style name="perl:line-directive" foreground="#6c99bb"/>
  <style name="perl:special-variable" foreground="#cc7833"/>
  <style name="perl:type" foreground="#6c99bb"/>
  <style name="perl:variable" foreground="#b7dff8"/>
  <style name="php:string" foreground="#a5c261"/>
  <style name="python:builtin-constant" foreground="#cc7833"/>
  <style name="python:builtin-function" foreground="#6c99bb"/>
  <style name="python:builtin-object" foreground="#6c99bb"/>
  <style name="python:module-handler" foreground="#cc7833"/>
  <style name="python:special-variable" foreground="#cc7833"/>
  <style name="ruby:attribute-definition" foreground="#cc7833"/>
  <style name="ruby:builtin" foreground="#b7dff8"/>
  <style name="ruby:class-variable" foreground="#b7dff8"/>
  <style name="ruby:constant" foreground="#b7dff8"/>
  <style name="ruby:global-variable" foreground="#ffc66d"/>
  <style name="ruby:instance-variable" foreground="#b7dff8"/>
  <style name="ruby:module-handler" foreground="#cc7833"/>
  <style name="ruby:predefined-variable" foreground="#6c99bb"/>
  <style name="ruby:regex" foreground="#cccc33"/>
  <style name="ruby:special-variable" foreground="#cc7833"/>
  <style name="ruby:symbol" foreground="#6c99bb"/>
  <style name="rubyonrails:attribute-definition" foreground="#cc7833"/>
  <style name="rubyonrails:block-parameter"  italic="true"/>
  <style name="rubyonrails:builtin" foreground="#b7dff8"/>
  <style name="rubyonrails:class-inherit"  underline="true" italic="true"/>
  <style name="rubyonrails:class-name" foreground="#cccc33"/>
  <style name="rubyonrails:class-variable" foreground="#b7dff8"/>
  <style name="rubyonrails:complex-interpolation" foreground="#000000" background="#cccc33"/>
  <style name="rubyonrails:constant" foreground="#b7dff8"/>
  <style name="rubyonrails:global-variable" foreground="#ffc66d"/>
  <style name="rubyonrails:instance-variable" foreground="#b7dff8"/>
  <style name="rubyonrails:module-handler" foreground="#cc7833"/>
  <style name="rubyonrails:module-name" foreground="#cccc33"/>
  <style name="rubyonrails:predefined-variable" foreground="#6c99bb"/>
  <style name="rubyonrails:rails" foreground="#b7dff8"/>
  <style name="rubyonrails:regex" foreground="#cccc33"/>
  <style name="rubyonrails:simple-interpolation" foreground="#000000" background="#cccc33"/>
  <style name="rubyonrails:special-variable" foreground="#cc7833"/>
  <style name="rubyonrails:symbol" foreground="#6c99bb"/>
  <style name="search-match"  background="#353637" bold="true" underline="true"/>
  <style name="selection" foreground="#ffffff" background="#555d74"/>
  <style name="text" foreground="#ffffff" background="#323232"/>
  <style name="xml:doctype" foreground="#ffe5bb"/>
  <style name="xml:element-name" foreground="#ffc66d"/>
  <style name="xml:namespace" foreground="#ffc66d"/>
  <style name="xml:tag" foreground="#ffe5bb"/>
  

</style-scheme>

