<?xml version="1.0" encoding="UTF-8"?>
<!--
 Copyright (C) 2009 tm2gtksw2(Alexandre da Silva)

 This file was generated from a textmate theme named Matrix
 with tm2gtksw2 tool. (Alexandre da Silva)

 This library is free software; you can redistribute it and/or
 modify it under the terms of the GNU Library General Public
 License as published by the Free Software Foundation; either
 version 2 of the License, or (at your option) any later version.

 This library is distributed in the hope that it will be useful,
 but WITHOUT ANY WARRANTY; without even the implied warranty of
 MERCHANTABILITY or FITNESS FOR A PARTICULAR PURPOSE.  See the GNU
 Library General Public License for more details.

 You should have received a copy of the GNU Library General Public
 License along with this library; if not, write to the
 Free Software Foundation, Inc., 59 Temple Place - Suite 330,
 Boston, MA 02111-1307, USA.
-->

<style-scheme id="matrix" _name="Matrix" version="1.0">
  <author>tm2gtksw2(Alexandre da Silva)</author>
  <_description>GMate Theme - Generated from textmate theme with tm2gtksw2</_description>

  <style name="bracket-match"  background="#131f14" bold="true"/>
  <style name="bracket-mismatch"  background="#131f14" underline="true"/>
  <style name="css:at-rules" foreground="#7ec377" bold="true"/>
  <style name="css:color" foreground="#4fc8c5"/>
  <style name="css:keyword" foreground="#20c51f"/>
  <style name="current-line"  background="#131f14"/>
  <style name="cursor" foreground="#909090"/>
  <style name="def:base-n-integer" foreground="#4fc8c5"/>
  <style name="def:boolean" foreground="#4fc8c5"/>
  <style name="def:builtin" foreground="#7ab177"/>
  <style name="def:character" foreground="#acacac"/>
  <style name="def:comment" foreground="#5c7e5f"/>
  <style name="def:complex" foreground="#4fc8c5"/>
  <style name="def:constant" foreground="#4fc8c5"/>
  <style name="def:decimal" foreground="#4fc8c5"/>
  <style name="def:doc-comment" foreground="#5c7e5f"/>
  <style name="def:doc-comment-element" foreground="#5c7e5f"/>
  <style name="def:error" foreground="#f8f8f8" background="#38091c"/>
  <style name="def:floating-point" foreground="#4fc8c5"/>
  <style name="def:function" foreground="#ffffff"/>
  <style name="def:identifier" foreground="#acf9a6"/>
  <style name="def:keyword" foreground="#7ec377" bold="true"/>
  <style name="def:note" foreground="#5c7e5f"/>
  <style name="def:number" foreground="#4fc8c5"/>
  <style name="def:operator" foreground="#7ec377" bold="true"/>
  <style name="def:preprocessor" foreground="#a4da8d"/>
  <style name="def:reserved" foreground="#7ec377" bold="true"/>
  <style name="def:shebang" foreground="#5c7e5f"/>
  <style name="def:special-char" foreground="#ddf2a4"/>
  <style name="def:special-constant" foreground="#4fc8c5"/>
  <style name="def:statement" foreground="#7ec377" bold="true"/>
  <style name="def:string" foreground="#acacac"/>
  <style name="def:type" foreground="#7ab177"/>
  <style name="diff:added-line" foreground="#f8f8f8" background="#253b22"/>
  <style name="diff:changed-line" foreground="#f8f8f8" background="#75330a"/>
  <style name="diff:location" foreground="#a4a4a4" background="#0e2231"/>
  <style name="diff:removed-line" foreground="#f8f8f8" background="#420e09"/>
  <style name="draw-spaces" foreground="#404040"/>
  <style name="html:dtd" foreground="#acacac"/>
  <style name="html:tag" foreground="#aef8a7"/>
  <style name="js:function" foreground="#649f6b"/>
  <style name="line-numbers" foreground="#00ff00" background="#131f14"/>
  <style name="perl:builtin" foreground="#ffffff"/>
  <style name="perl:include-statement" foreground="#7ec377" bold="true"/>
  <style name="perl:line-directive" foreground="#4fc8c5"/>
  <style name="perl:special-variable" foreground="#7ec377" bold="true"/>
  <style name="perl:type" foreground="#4fc8c5"/>
  <style name="perl:variable" foreground="#acf9a6"/>
  <style name="php:string" foreground="#acacac"/>
  <style name="python:builtin-constant" foreground="#7ec377" bold="true"/>
  <style name="python:builtin-function" foreground="#4fc8c5"/>
  <style name="python:builtin-object" foreground="#4fc8c5"/>
  <style name="python:module-handler" foreground="#7ec377" bold="true"/>
  <style name="python:special-variable" foreground="#7ec377" bold="true"/>
  <style name="ruby:attribute-definition" foreground="#7ec377" bold="true"/>
  <style name="ruby:builtin" foreground="#acf9a6"/>
  <style name="ruby:class-variable" foreground="#acf9a6"/>
  <style name="ruby:constant" foreground="#4fc8c5"/>
  <style name="ruby:global-variable" foreground="#ffffff"/>
  <style name="ruby:instance-variable" foreground="#acf9a6"/>
  <style name="ruby:module-handler" foreground="#7ec377" bold="true"/>
  <style name="ruby:predefined-variable" foreground="#4fc8c5"/>
  <style name="ruby:regex" foreground="#e9c062"/>
  <style name="ruby:special-variable" foreground="#7ec377" bold="true"/>
  <style name="ruby:symbol" foreground="#4fc8c5"/>
  <style name="rubyonrails:attribute-definition" foreground="#7ec377" bold="true"/>
  <style name="rubyonrails:block-parameter" foreground="#acf9a6"/>
  <style name="rubyonrails:builtin" foreground="#7ab177"/>
  <style name="rubyonrails:class-inherit" foreground="#47ae47"/>
  <style name="rubyonrails:class-name" foreground="#ffffff"/>
  <style name="rubyonrails:class-variable" foreground="#acf9a6"/>
  <style name="rubyonrails:complex-interpolation" foreground="#4fc8c5"/>
  <style name="rubyonrails:constant" foreground="#4fc8c5"/>
  <style name="rubyonrails:global-variable" foreground="#ffffff"/>
  <style name="rubyonrails:instance-variable" foreground="#acf9a6"/>
  <style name="rubyonrails:module-handler" foreground="#7ec377" bold="true"/>
  <style name="rubyonrails:module-name" foreground="#ffffff"/>
  <style name="rubyonrails:predefined-variable" foreground="#4fc8c5"/>
  <style name="rubyonrails:rails" foreground="#acf9a6"/>
  <style name="rubyonrails:regex" foreground="#e9c062"/>
  <style name="rubyonrails:simple-interpolation" foreground="#4fc8c5"/>
  <style name="rubyonrails:special-variable" foreground="#7ec377" bold="true"/>
  <style name="rubyonrails:symbol" foreground="#4fc8c5"/>
  <style name="search-match"  background="#131f14" bold="true" underline="true"/>
  <style name="selection" foreground="#00ff00" background="#4d4d4d"/>
  <style name="text" foreground="#00ff00" background="#000000"/>
  <style name="xml:attribute-name" foreground="#ffffff"/>
  <style name="xml:doctype" foreground="#aef8a7"/>
  <style name="xml:element-name" foreground="#ffffff"/>
  <style name="xml:entity" foreground="#626262"/>
  <style name="xml:namespace" foreground="#ffffff"/>
  <style name="xml:tag" foreground="#aef8a7"/>
  

</style-scheme>

