<?xml version="1.0" encoding="UTF-8"?>
<!--
 Copyright (C) 2009 tm2gtksw2(Alexandre da Silva)

 This file was generated from a textmate theme named Ryan Light
 with tm2gtksw2 tool. (Alexandre da Silva)

 This library is free software; you can redistribute it and/or
 modify it under the terms of the GNU Library General Public
 License as published by the Free Software Foundation; either
 version 2 of the License, or (at your option) any later version.

 This library is distributed in the hope that it will be useful,
 but WITHOUT ANY WARRANTY; without even the implied warranty of
 MERCHANTABILITY or FITNESS FOR A PARTICULAR PURPOSE.  See the GNU
 Library General Public License for more details.

 You should have received a copy of the GNU Library General Public
 License along with this library; if not, write to the
 Free Software Foundation, Inc., 59 Temple Place - Suite 330,
 Boston, MA 02111-1307, USA.
-->

<style-scheme id="ryanlight" _name="Ryan Light" version="1.0">
  <author>tm2gtksw2(Alexandre da Silva)</author>
  <_description>GMate Theme - Generated from textmate theme with tm2gtksw2</_description>

  <style name="bracket-match"  background="#efefef" bold="true"/>
  <style name="bracket-mismatch"  background="#efefef" underline="true"/>
  <style name="css:at-rules" foreground="#006a08"/>
  <style name="css:color" foreground="#a62b29"/>
  <style name="css:keyword" foreground="#006a09"/>
  <style name="current-line"  background="#efefef"/>
  <style name="cursor" foreground="#000000"/>
  <style name="def:base-n-integer" foreground="#0900d3"/>
  <style name="def:boolean" foreground="#0000cd"/>
  <style name="def:builtin" foreground="#0000cd"/>
  <style name="def:character" foreground="#0e8d90"/>
  <style name="def:comment" foreground="#808080" italic="true"/>
  <style name="def:complex" foreground="#0900d3"/>
  <style name="def:constant" foreground="#a62b29"/>
  <style name="def:decimal" foreground="#0900d3"/>
  <style name="def:doc-comment" foreground="#808080" italic="true"/>
  <style name="def:doc-comment-element" foreground="#808080" italic="true"/>
  <style name="def:error" foreground="#ffffff" background="#990000"/>
  <style name="def:floating-point" foreground="#0900d3"/>
  <style name="def:function" foreground="#820095"/>
  <style name="def:identifier" foreground="#7e3700"/>
  <style name="def:keyword" foreground="#006a08"/>
  <style name="def:note" foreground="#808080" italic="true"/>
  <style name="def:number" foreground="#0900d3"/>
  <style name="def:operator" foreground="#006a08"/>
  <style name="def:preprocessor" foreground="#006a09"/>
  <style name="def:reserved" foreground="#006a08"/>
  <style name="def:shebang" foreground="#808080" italic="true"/>
  <style name="def:special-char" foreground="#26b31a"/>
  <style name="def:special-constant" foreground="#0000cd"/>
  <style name="def:statement" foreground="#006a08"/>
  <style name="def:string" foreground="#0e8d90"/>
  <style name="def:type" foreground="#006a09"/>
  <style name="draw-spaces" foreground="#bfbfbf"/>
  <style name="html:dtd" foreground="#0e8d90"/>
  <style name="html:tag" foreground="#2d439b"/>
  <style name="js:function" foreground="#010e83"/>
  <style name="line-numbers" foreground="#000000" background="#efefef"/>
  <style name="perl:builtin" foreground="#820095"/>
  <style name="perl:include-statement" foreground="#006a08"/>
  <style name="perl:line-directive" foreground="#a62b29"/>
  <style name="perl:special-variable" foreground="#a62b29"/>
  <style name="perl:type" foreground="#a62b29"/>
  <style name="perl:variable" foreground="#7e3700"/>
  <style name="php:string" foreground="#0e8d90"/>
  <style name="python:builtin-constant" foreground="#006a08"/>
  <style name="python:builtin-function" foreground="#820095"/>
  <style name="python:builtin-object" foreground="#a62b29"/>
  <style name="python:module-handler" foreground="#006a08"/>
  <style name="python:special-variable" foreground="#006a08"/>
  <style name="ruby:attribute-definition" foreground="#a62b29"/>
  <style name="ruby:builtin" foreground="#a62b29"/>
  <style name="ruby:class-variable" foreground="#7e3700"/>
  <style name="ruby:constant" foreground="#a62b29"/>
  <style name="ruby:global-variable" foreground="#820095"/>
  <style name="ruby:instance-variable" foreground="#7e3700"/>
  <style name="ruby:module-handler" foreground="#006a08"/>
  <style name="ruby:predefined-variable" foreground="#0000cd"/>
  <style name="ruby:regex" foreground="#0e8d90"/>
  <style name="ruby:special-variable" foreground="#006a08"/>
  <style name="ruby:symbol" foreground="#a62b29"/>
  <style name="rubyonrails:attribute-definition" foreground="#a62b29"/>
  <style name="rubyonrails:builtin" foreground="#a62b29"/>
  <style name="rubyonrails:class-inherit" foreground="#0802d3"/>
  <style name="rubyonrails:class-name" foreground="#0802d3"/>
  <style name="rubyonrails:class-variable" foreground="#7e3700"/>
  <style name="rubyonrails:complex-interpolation" foreground="#26b31a"/>
  <style name="rubyonrails:constant" foreground="#a62b29"/>
  <style name="rubyonrails:global-variable" foreground="#820095"/>
  <style name="rubyonrails:instance-variable" foreground="#7e3700"/>
  <style name="rubyonrails:module-handler" foreground="#006a08"/>
  <style name="rubyonrails:module-name" foreground="#0802d3"/>
  <style name="rubyonrails:predefined-variable" foreground="#0000cd"/>
  <style name="rubyonrails:rails" foreground="#a62b29"/>
  <style name="rubyonrails:regex" foreground="#0e8d90"/>
  <style name="rubyonrails:simple-interpolation" foreground="#26b31a"/>
  <style name="rubyonrails:special-variable" foreground="#006a08"/>
  <style name="rubyonrails:symbol" foreground="#a62b29"/>
  <style name="search-match"  background="#efefef" bold="true" underline="true"/>
  <style name="selection" foreground="#000000" background="#c3dcff"/>
  <style name="text" foreground="#000000" background="#ffffff"/>
  <style name="xml:attribute-name" foreground="#2d439b"/>
  <style name="xml:doctype" foreground="#2d439b"/>
  <style name="xml:element-name" foreground="#2d439b"/>
  <style name="xml:namespace" foreground="#2d439b"/>
  <style name="xml:tag" foreground="#2d439b"/>
  

</style-scheme>

