<?xml version="1.0" encoding="UTF-8"?>
<!--
 Copyright (C) 2009 tm2gtksw2(Alexandre da Silva)

 This file was generated from a textmate theme named Spectacular
 with tm2gtksw2 tool. (Alexandre da Silva)

 This library is free software; you can redistribute it and/or
 modify it under the terms of the GNU Library General Public
 License as published by the Free Software Foundation; either
 version 2 of the License, or (at your option) any later version.

 This library is distributed in the hope that it will be useful,
 but WITHOUT ANY WARRANTY; without even the implied warranty of
 MERCHANTABILITY or FITNESS FOR A PARTICULAR PURPOSE.  See the GNU
 Library General Public License for more details.

 You should have received a copy of the GNU Library General Public
 License along with this library; if not, write to the
 Free Software Foundation, Inc., 59 Temple Place - Suite 330,
 Boston, MA 02111-1307, USA.
-->

<style-scheme id="spectacular" _name="Spectacular" version="1.0">
  <author>tm2gtksw2(Alexandre da Silva)</author>
  <_description>GMate Theme - Generated from textmate theme with tm2gtksw2</_description>

  <style name="bracket-match"  background="#f8f8f8" bold="true"/>
  <style name="bracket-mismatch"  background="#f8f8f8" underline="true"/>
  <style name="css:at-rules" foreground="#ffaa00" bold="true"/>
  <style name="css:color" foreground="#ff3a55"/>
  <style name="css:keyword" foreground="#9df39f"/>
  <style name="current-line"  background="#f8f8f8"/>
  <style name="cursor" foreground="#8ba7a7"/>
  <style name="def:base-n-integer" foreground="#ff3a55"/>
  <style name="def:boolean" foreground="#ff3a55"/>
  <style name="def:builtin" foreground="#84bee2"/>
  <style name="def:character" foreground="#a9e448"/>
  <style name="def:comment" foreground="#60606d" italic="true"/>
  <style name="def:complex" foreground="#ff3a55"/>
  <style name="def:constant" foreground="#ff3a55"/>
  <style name="def:decimal" foreground="#ff3a55"/>
  <style name="def:doc-comment" foreground="#60606d" italic="true"/>
  <style name="def:doc-comment-element" foreground="#60606d" italic="true"/>
  <style name="def:error" foreground="#f8f8f8" background="#a4210c"/>
  <style name="def:floating-point" foreground="#ff3a55"/>
  <style name="def:function" foreground="#fffb00" bold="true"/>
  <style name="def:identifier" foreground="#fb9a4b"/>
  <style name="def:keyword" foreground="#ffaa00" bold="true"/>
  <style name="def:note" foreground="#60606d" italic="true"/>
  <style name="def:number" foreground="#ff3a55"/>
  <style name="def:operator" foreground="#ffaa00" bold="true"/>
  <style name="def:preprocessor" foreground="#eb939a"/>
  <style name="def:reserved" foreground="#ffaa00" bold="true"/>
  <style name="def:shebang" foreground="#60606d" italic="true"/>
  <style name="def:special-char" foreground="#9df39f"/>
  <style name="def:special-constant" foreground="#ff3a55"/>
  <style name="def:statement" foreground="#ffaa00" bold="true"/>
  <style name="def:string" foreground="#a9e448"/>
  <style name="def:type" foreground="#84bee2"/>
  <style name="diff:added-line" foreground="#f8f8f8" background="#41a83e"/>
  <style name="diff:changed-line" foreground="#f8f8f8" background="#c4b14a"/>
  <style name="diff:location" foreground="#f8f8f8" background="#0e2231" italic="true"/>
  <style name="diff:removed-line" foreground="#f8f8f8" background="#d03620"/>
  <style name="draw-spaces" foreground="#484848"/>
  <style name="html:dtd" foreground="#a9e448"/>
  <style name="html:tag" foreground="#9effff"/>
  <style name="js:function" foreground="#ffb454"/>
  <style name="line-numbers" foreground="#f3f3f3" background="#f8f8f8"/>
  <style name="perl:builtin" foreground="#fffb00" bold="true"/>
  <style name="perl:include-statement" foreground="#ffaa00" bold="true"/>
  <style name="perl:line-directive" foreground="#ff3a55"/>
  <style name="perl:special-variable" foreground="#ffaa00" bold="true"/>
  <style name="perl:type" foreground="#ff3a55"/>
  <style name="perl:variable" foreground="#fb9a4b"/>
  <style name="php:string" foreground="#a9e448"/>
  <style name="python:builtin-constant" foreground="#ffaa00" bold="true"/>
  <style name="python:builtin-function" foreground="#ff3a55"/>
  <style name="python:builtin-object" foreground="#ff3a55"/>
  <style name="python:module-handler" foreground="#ffaa00" bold="true"/>
  <style name="python:special-variable" foreground="#ffaa00" bold="true"/>
  <style name="ruby:attribute-definition" foreground="#ffaa00" bold="true"/>
  <style name="ruby:builtin" foreground="#fb9a4b"/>
  <style name="ruby:class-variable" foreground="#fb9a4b"/>
  <style name="ruby:constant" foreground="#ff3a55"/>
  <style name="ruby:global-variable" foreground="#fffb00" bold="true"/>
  <style name="ruby:instance-variable" foreground="#fb9a4b"/>
  <style name="ruby:module-handler" foreground="#ffaa00" bold="true"/>
  <style name="ruby:predefined-variable" foreground="#ff3a55"/>
  <style name="ruby:regex" foreground="#ffb454"/>
  <style name="ruby:special-variable" foreground="#ffaa00" bold="true"/>
  <style name="ruby:symbol" foreground="#ff3a55"/>
  <style name="rubyonrails:attribute-definition" foreground="#ffaa00" bold="true"/>
  <style name="rubyonrails:block-parameter" foreground="#fb9a4b"/>
  <style name="rubyonrails:builtin" foreground="#84bee2"/>
  <style name="rubyonrails:class-inherit" foreground="#4ee161" italic="true"/>
  <style name="rubyonrails:class-name" foreground="#fffb00" bold="true"/>
  <style name="rubyonrails:class-variable" foreground="#fb9a4b"/>
  <style name="rubyonrails:complex-interpolation" foreground="#ff3a55"/>
  <style name="rubyonrails:constant" foreground="#ff3a55"/>
  <style name="rubyonrails:global-variable" foreground="#fffb00" bold="true"/>
  <style name="rubyonrails:instance-variable" foreground="#fb9a4b"/>
  <style name="rubyonrails:module-handler" foreground="#ffaa00" bold="true"/>
  <style name="rubyonrails:module-name" foreground="#fffb00" bold="true"/>
  <style name="rubyonrails:predefined-variable" foreground="#ff3a55"/>
  <style name="rubyonrails:rails" foreground="#fb9a4b"/>
  <style name="rubyonrails:regex" foreground="#ffb454"/>
  <style name="rubyonrails:simple-interpolation" foreground="#ff3a55"/>
  <style name="rubyonrails:special-variable" foreground="#ffaa00" bold="true"/>
  <style name="rubyonrails:symbol" foreground="#ff3a55"/>
  <style name="search-match"  background="#f8f8f8" bold="true" underline="true"/>
  <style name="selection" foreground="#f3f3f3" background="#605f5f"/>
  <style name="text" foreground="#f3f3f3" background="#0b0a0a"/>
  <style name="xml:attribute-name" foreground="#fffb00" bold="true"/>
  <style name="xml:doctype" foreground="#9effff"/>
  <style name="xml:element-name" foreground="#fffb00" bold="true"/>
  <style name="xml:entity" foreground="#73817d"/>
  <style name="xml:namespace" foreground="#fffb00" bold="true"/>
  <style name="xml:tag" foreground="#9effff"/>
  

</style-scheme>

