<?xml version="1.0" encoding="UTF-8"?>
<!--
 Copyright (C) 2009 tm2gtksw2(Alexandre da Silva)

 This file was generated from a textmate theme named Sunburst
 with tm2gtksw2 tool. (Alexandre da Silva)

 This library is free software; you can redistribute it and/or
 modify it under the terms of the GNU Library General Public
 License as published by the Free Software Foundation; either
 version 2 of the License, or (at your option) any later version.

 This library is distributed in the hope that it will be useful,
 but WITHOUT ANY WARRANTY; without even the implied warranty of
 MERCHANTABILITY or FITNESS FOR A PARTICULAR PURPOSE.  See the GNU
 Library General Public License for more details.

 You should have received a copy of the GNU Library General Public
 License along with this library; if not, write to the
 Free Software Foundation, Inc., 59 Temple Place - Suite 330,
 Boston, MA 02111-1307, USA.
-->

<style-scheme id="sunburst" _name="Sunburst" version="1.0">
  <author>tm2gtksw2(Alexandre da Silva)</author>
  <_description>GMate Theme - Generated from textmate theme with tm2gtksw2</_description>

  <style name="bracket-match"  background="#1a1a1a" bold="true"/>
  <style name="bracket-mismatch"  background="#1a1a1a" underline="true"/>
  <style name="c:preprocessor" foreground="#8996a8"/>
  <style name="css:at-rules" foreground="#e28964"/>
  <style name="css:color" foreground="#3387cc"/>
  <style name="css:keyword" foreground="#c5af75"/>
  <style name="current-line"  background="#1a1a1a"/>
  <style name="cursor" foreground="#a7a7a7"/>
  <style name="def:base-n-integer" foreground="#3387cc"/>
  <style name="def:boolean" foreground="#3387cc"/>
  <style name="def:builtin" foreground="#9b859d"/>
  <style name="def:character" foreground="#65b042"/>
  <style name="def:comment" foreground="#aeaeae" italic="true"/>
  <style name="def:complex" foreground="#3387cc"/>
  <style name="def:constant" foreground="#3387cc"/>
  <style name="def:decimal" foreground="#3387cc"/>
  <style name="def:doc-comment" foreground="#aeaeae" italic="true"/>
  <style name="def:doc-comment-element" foreground="#aeaeae" italic="true"/>
  <style name="def:error" foreground="#fd5ff1" background="#402140"/>
  <style name="def:floating-point" foreground="#3387cc"/>
  <style name="def:function" foreground="#89bdff"/>
  <style name="def:identifier" foreground="#3e87e3"/>
  <style name="def:keyword" foreground="#e28964"/>
  <style name="def:note" foreground="#aeaeae" italic="true"/>
  <style name="def:number" foreground="#3387cc"/>
  <style name="def:operator" foreground="#e28964"/>
  <style name="def:preprocessor" foreground="#cf6a4c"/>
  <style name="def:reserved" foreground="#e28964"/>
  <style name="def:shebang" foreground="#aeaeae" italic="true"/>
  <style name="def:special-char" foreground="#ddf2a4"/>
  <style name="def:special-constant" foreground="#3387cc"/>
  <style name="def:statement" foreground="#e28964"/>
  <style name="def:string" foreground="#65b042"/>
  <style name="def:type" foreground="#9b859d"/>
  <style name="diff:added-line" foreground="#f8f8f8" background="#253b22"/>
  <style name="diff:changed-line" foreground="#f8f8f8" background="#4a410d"/>
  <style name="diff:location" foreground="#f8f8f8" background="#0e2231" italic="true"/>
  <style name="diff:removed-line" foreground="#f8f8f8" background="#420e09"/>
  <style name="draw-spaces" foreground="#30363c"/>
  <style name="html:dtd" foreground="#65b042"/>
  <style name="html:tag" foreground="#89bdff"/>
  <style name="js:function" foreground="#dad085"/>
  <style name="line-numbers" foreground="#f8f8f8" background="#1a1a1a"/>
  <style name="perl:builtin" foreground="#89bdff"/>
  <style name="perl:include-statement" foreground="#e28964"/>
  <style name="perl:line-directive" foreground="#3387cc"/>
  <style name="perl:special-variable" foreground="#e28964"/>
  <style name="perl:type" foreground="#3387cc"/>
  <style name="perl:variable" foreground="#3e87e3"/>
  <style name="php:string" foreground="#65b042"/>
  <style name="python:builtin-constant" foreground="#e28964"/>
  <style name="python:builtin-function" foreground="#3387cc"/>
  <style name="python:builtin-object" foreground="#3387cc"/>
  <style name="python:module-handler" foreground="#e28964"/>
  <style name="python:special-variable" foreground="#e28964"/>
  <style name="ruby:attribute-definition" foreground="#e28964"/>
  <style name="ruby:builtin" foreground="#3e87e3"/>
  <style name="ruby:class-variable" foreground="#3e87e3"/>
  <style name="ruby:constant" foreground="#3387cc"/>
  <style name="ruby:global-variable" foreground="#89bdff"/>
  <style name="ruby:instance-variable" foreground="#3e87e3"/>
  <style name="ruby:module-handler" foreground="#e28964"/>
  <style name="ruby:predefined-variable" foreground="#3387cc"/>
  <style name="ruby:regex" foreground="#e9c062"/>
  <style name="ruby:special-variable" foreground="#e28964"/>
  <style name="ruby:symbol" foreground="#3387cc"/>
  <style name="rubyonrails:attribute-definition" foreground="#e28964"/>
  <style name="rubyonrails:block-parameter" foreground="#3e87e3"/>
  <style name="rubyonrails:builtin" foreground="#9b859d"/>
  <style name="rubyonrails:class-inherit" foreground="#9b5c2e" italic="true"/>
  <style name="rubyonrails:class-name"  underline="true"/>
  <style name="rubyonrails:class-variable" foreground="#3e87e3"/>
  <style name="rubyonrails:complex-interpolation" foreground="#3387cc"/>
  <style name="rubyonrails:constant" foreground="#3387cc"/>
  <style name="rubyonrails:global-variable" foreground="#89bdff"/>
  <style name="rubyonrails:instance-variable" foreground="#3e87e3"/>
  <style name="rubyonrails:module-handler" foreground="#e28964"/>
  <style name="rubyonrails:module-name"  underline="true"/>
  <style name="rubyonrails:predefined-variable" foreground="#3387cc"/>
  <style name="rubyonrails:rails" foreground="#3e87e3"/>
  <style name="rubyonrails:regex" foreground="#e9c062"/>
  <style name="rubyonrails:simple-interpolation" foreground="#3387cc"/>
  <style name="rubyonrails:special-variable" foreground="#e28964"/>
  <style name="rubyonrails:symbol" foreground="#3387cc"/>
  <style name="search-match"  background="#1a1a1a" bold="true" underline="true"/>
  <style name="selection" foreground="#f8f8f8" background="#2c3033"/>
  <style name="text" foreground="#f8f8f8" background="#000000"/>
  <style name="xml:attribute-name" foreground="#89bdff"/>
  <style name="xml:doctype" foreground="#89bdff"/>
  <style name="xml:element-name" foreground="#89bdff"/>
  <style name="xml:namespace" foreground="#e18964"/>
  <style name="xml:tag" foreground="#89bdff"/>
  

</style-scheme>

